{
  "train_loss": [
    0.11876041309949693,
    0.11603597212467923,
    0.115439679413835,
    0.10803284026459961,
    0.10380559169279457,
    0.09725822358910252,
    0.09833352116889402,
    0.10148963572566289,
    0.09388501632590422,
    0.09443717205380917,
    0.09442624269109784,
    0.09184423239376197,
    0.09514547759011216,
    0.09238056722466671,
    0.09230942348143271,
    0.09112595275520181,
    0.09635993873654806,
    0.08485742593063163,
    0.09089888209338645,
    0.08739302538182118,
    0.08870080611057053,
    0.09074139647712612,
    0.08754861125558572,
    0.08909947242020679,
    0.08471763747358563,
    0.08837824643953753,
    0.08665238516028932,
    0.0874266851677265,
    0.08853126511321784,
    0.08607681578328943
  ],
  "train_acc": [
    0.48268398268398266,
    0.49422799422799424,
    0.4725829725829726,
    0.494949494949495,
    0.5036075036075036,
    0.512987012987013,
    0.5057720057720058,
    0.487012987012987,
    0.5079365079365079,
    0.5086580086580087,
    0.5057720057720058,
    0.5021645021645021,
    0.4855699855699856,
    0.48484848484848486,
    0.4906204906204906,
    0.487012987012987,
    0.48917748917748916,
    0.5014430014430015,
    0.5021645021645021,
    0.5064935064935064,
    0.4906204906204906,
    0.474025974025974,
    0.5050505050505051,
    0.48124098124098125,
    0.49567099567099565,
    0.48412698412698413,
    0.5072150072150072,
    0.5036075036075036,
    0.487012987012987,
    0.4963924963924964
  ],
  "train_auc": [
    0.49262801749192175,
    0.5009614723548051,
    0.4796528282704123,
    0.4937322002612538,
    0.519628411247664,
    0.5436620950722197,
    0.5226326217257335,
    0.5032948397164125,
    0.5240524340979973,
    0.5100824387022311,
    0.5259910040354755,
    0.5184533941119975,
    0.48483415383141004,
    0.5006823016168986,
    0.5134554045579831,
    0.49041131849839475,
    0.48028825420370713,
    0.5416037317210876,
    0.5056469573514614,
    0.5185721458437935,
    0.5083657470004771,
    0.47661111724545985,
    0.5024385772292512,
    0.4760736094068038,
    0.5308389914019579,
    0.5105699458117098,
    0.5131512334554879,
    0.5199179988041492,
    0.4996302029404595,
    0.5143845847751947
  ],
  "train_eer": [
    0.5007385524372231,
    0.4874446085672083,
    0.5214180206794683,
    0.5125553914327917,
    0.4844903988183161,
    0.4711964549483013,
    0.4844903988183161,
    0.4948301329394387,
    0.4844903988183161,
    0.4963072378138848,
    0.4741506646971935,
    0.5007385524372231,
    0.5228951255539144,
    0.4963072378138848,
    0.49926144756277696,
    0.5110782865583456,
    0.5051698670605613,
    0.4667651403249631,
    0.4933530280649926,
    0.4918759231905465,
    0.4977843426883309,
    0.5066469719350074,
    0.5022156573116692,
    0.5273264401772526,
    0.4741506646971935,
    0.48892171344165436,
    0.49039881831610044,
    0.4948301329394387,
    0.5066469719350074,
    0.4815361890694239
  ],
  "val_loss": [
    0.12289062493965436,
    0.11806715882258942,
    0.10474260085407006,
    0.12523828241568088,
    0.0993951053792555,
    0.10052912595887396,
    0.10413590760023539,
    0.11358581910579787,
    0.09042902146935544,
    0.0945396080653739,
    0.0895158708227509,
    0.08972228906175746,
    0.0853482239628439,
    0.08396782957484351,
    0.08571545745192821,
    0.08604481444270312,
    0.09509950993983557,
    0.0858896333084769,
    0.10134273549993535,
    0.10975138539554963,
    0.10286841247921012,
    0.10413366780497073,
    0.0869695336306696,
    0.09717278786978052,
    0.09905324535753973,
    0.09585759608831247,
    0.09787973239053578,
    0.09065555892783225,
    0.0937177204382314,
    0.09827782216352443
  ],
  "val_acc": [
    0.48501362397820164,
    0.4877384196185286,
    0.5177111716621253,
    0.5313351498637602,
    0.5040871934604905,
    0.5149863760217984,
    0.5040871934604905,
    0.5122615803814714,
    0.5204359673024523,
    0.5040871934604905,
    0.553133514986376,
    0.5694822888283378,
    0.5640326975476839,
    0.5667574931880109,
    0.5449591280653951,
    0.5613079019073569,
    0.5258855585831063,
    0.5286103542234333,
    0.5068119891008175,
    0.5040871934604905,
    0.5258855585831063,
    0.5149863760217984,
    0.5422343324250681,
    0.5204359673024523,
    0.5313351498637602,
    0.5367847411444142,
    0.5231607629427792,
    0.5286103542234333,
    0.5286103542234333,
    0.547683923705722
  ],
  "val_auc": [
    0.5007477865518066,
    0.5004187604690118,
    0.5016152189519023,
    0.5291038525963149,
    0.5049054797798517,
    0.5308686288585786,
    0.4873773630055037,
    0.48321966977745867,
    0.5047858339315625,
    0.4594998803541518,
    0.554737975592247,
    0.5507597511366356,
    0.5604211533859775,
    0.5608698253170615,
    0.5482471883225652,
    0.5611689399377842,
    0.540470208183776,
    0.5258435032304378,
    0.49105647284039244,
    0.4782842785355348,
    0.5061318497248145,
    0.48600143575017946,
    0.5254845656855707,
    0.5202201483608518,
    0.5149258195740608,
    0.4938980617372577,
    0.49811557788944727,
    0.5176776740847093,
    0.5081957406078009,
    0.4868688681502752
  ],
  "val_eer": [
    0.47738693467336685,
    0.507537688442211,
    0.5125628140703518,
    0.4723618090452261,
    0.49246231155778897,
    0.47738693467336685,
    0.5326633165829145,
    0.5125628140703518,
    0.49246231155778897,
    0.5226130653266332,
    0.4824120603015075,
    0.47738693467336685,
    0.4723618090452261,
    0.46733668341708545,
    0.4723618090452261,
    0.49246231155778897,
    0.48743718592964824,
    0.4824120603015075,
    0.5226130653266332,
    0.5175879396984925,
    0.48743718592964824,
    0.5125628140703518,
    0.507537688442211,
    0.49246231155778897,
    0.49246231155778897,
    0.4824120603015075,
    0.5125628140703518,
    0.49246231155778897,
    0.48743718592964824,
    0.5125628140703518
  ],
  "val_f1": [
    0.20253164556962025,
    0.38562091503267976,
    0.22707423580786026,
    0.49707602339181284,
    0.3106060606060606,
    0.2764227642276423,
    0.34057971014492755,
    0.37630662020905925,
    0.2903225806451613,
    0.2601626016260163,
    0.3787878787878788,
    0.40601503759398494,
    0.36,
    0.3116883116883117,
    0.3650190114068441,
    0.2907488986784141,
    0.4,
    0.31620553359683795,
    0.3693379790940767,
    0.4129032258064516,
    0.3203125,
    0.4066666666666667,
    0.3488372093023256,
    0.35294117647058826,
    0.39436619718309857,
    0.2672413793103448,
    0.3944636678200692,
    0.34220532319391633,
    0.3709090909090909,
    0.24545454545454545
  ],
  "val_precision": [
    0.34782608695652173,
    0.427536231884058,
    0.4262295081967213,
    0.4885057471264368,
    0.4270833333333333,
    0.4358974358974359,
    0.4351851851851852,
    0.453781512605042,
    0.45,
    0.41025641025641024,
    0.5208333333333334,
    0.5510204081632653,
    0.5487804878048781,
    0.5714285714285714,
    0.5052631578947369,
    0.559322033898305,
    0.47540983606557374,
    0.47058823529411764,
    0.44537815126050423,
    0.4507042253521127,
    0.4659090909090909,
    0.4621212121212121,
    0.5,
    0.46153846153846156,
    0.4827586206896552,
    0.484375,
    0.47107438016528924,
    0.47368421052631576,
    0.4766355140186916,
    0.5192307692307693
  ],